{
  "resources": [
    "res\\Audio\\preLoad.ogg",
    "res\\Audio\\preLoad.m4a",
    "res\\Audio\\preLoad.mp3"
  ],
  "spritemap": {
    "2_retrigger": {
      "start": 0,
      "end": 2.5907936507936506,
      "loop": false
    },
    "Anticipation": {
      "start": 4,
      "end": 8.704671201814058,
      "loop": false
    },
    "basegame_loop": {
      "start": 10,
      "end": 48.08984126984127,
      "loop": true
    },
    "big_win_loop": {
      "start": 50,
      "end": 56.65877551020408,
      "loop": false
    },
    "Cluster_win": {
      "start": 58,
      "end": 59.30215419501134,
      "loop": false
    },
    "Cluster_win_01": {
      "start": 61,
      "end": 63.45433106575964,
      "loop": false
    },
    "common_win_end": {
      "start": 65,
      "end": 67.12773242630385,
      "loop": false
    },
    "Fire_Effect": {
      "start": 69,
      "end": 70.32512471655329,
      "loop": false
    },
    "freegame_intro": {
      "start": 72,
      "end": 74.3825850340136,
      "loop": false
    },
    "Freespins_hades_loop": {
      "start": 76,
      "end": 107.33068027210885,
      "loop": true
    },
    "Freespins_posiedon_loop": {
      "start": 109,
      "end": 137.2689342403628,
      "loop": true
    },
    "Freespins_zeus_loop": {
      "start": 139,
      "end": 172.92589569160998,
      "loop": true
    },
    "Free_Spins_intro": {
      "start": 174,
      "end": 177.23489795918368,
      "loop": false
    },
    "fs_counter_update": {
      "start": 179,
      "end": 180.25351473922902,
      "loop": false
    },
    "fs_number_move": {
      "start": 182,
      "end": 183.5432426303855,
      "loop": false
    },
    "generic_btn": {
      "start": 185,
      "end": 185.08167800453515,
      "loop": false
    },
    "God_Changing": {
      "start": 187,
      "end": 189.43972789115645,
      "loop": false
    },
    "God_selection": {
      "start": 191,
      "end": 192.62632653061223,
      "loop": false
    },
    "Grid_Meter": {
      "start": 194,
      "end": 195.17689342403628,
      "loop": false
    },
    "Hades_Action_v2": {
      "start": 197,
      "end": 201.27185941043084,
      "loop": false
    },
    "Hades_Activation": {
      "start": 203,
      "end": 205.49145124716554,
      "loop": false
    },
    "Lightning_Effect": {
      "start": 207,
      "end": 208.82900226757369,
      "loop": false
    },
    "mega_big_win_loop": {
      "start": 210,
      "end": 216.6587755102041,
      "loop": false
    },
    "Meter_Decrement": {
      "start": 218,
      "end": 219.31820861678005,
      "loop": false
    },
    "Meter_Reset": {
      "start": 221,
      "end": 222.09421768707483,
      "loop": false
    },
    "Poseidon_Activation": {
      "start": 224,
      "end": 226.49145124716554,
      "loop": false
    },
    "Posiedon_Action_v2": {
      "start": 228,
      "end": 233.62519274376416,
      "loop": false
    },
    "Re-spin_Intro": {
      "start": 235,
      "end": 237.67104308390023,
      "loop": false
    },
    "Re-spin_loop": {
      "start": 239,
      "end": 254.13768707482993,
      "loop": true
    },
    "Reels_spin1": {
      "start": 256,
      "end": 263.60163265306124,
      "loop": false
    },
    "Reel_intro": {
      "start": 265,
      "end": 266.85609977324265,
      "loop": false
    },
    "reel_landing": {
      "start": 268,
      "end": 269.075873015873,
      "loop": false
    },
    "Reel_stop": {
      "start": 271,
      "end": 273.1217006802721,
      "loop": false
    },
    "respin_retrigger": {
      "start": 275,
      "end": 277.0065986394558,
      "loop": false
    },
    "Scatter_Land": {
      "start": 279,
      "end": 280.00002267573694,
      "loop": false
    },
    "Spin_button": {
      "start": 282,
      "end": 282.80349206349206,
      "loop": false
    },
    "Stop_button": {
      "start": 284,
      "end": 285.1028344671202,
      "loop": false
    },
    "super_big_win_loop": {
      "start": 287,
      "end": 293.65877551020407,
      "loop": false
    },
    "Symbol_Landing": {
      "start": 295,
      "end": 296.55240362811793,
      "loop": false
    },
    "Transition_1": {
      "start": 298,
      "end": 300.23809523809524,
      "loop": false
    },
    "Transition_2": {
      "start": 302,
      "end": 304.2213378684807,
      "loop": false
    },
    "ultra_big_win_loop": {
      "start": 306,
      "end": 312.65877551020407,
      "loop": false
    },
    "Whirlpool_effect": {
      "start": 314,
      "end": 316.4507709750567,
      "loop": false
    },
    "wintickup_center": {
      "start": 318,
      "end": 323.06766439909296,
      "loop": false
    },
    "wintickup_center_end_frame": {
      "start": 325,
      "end": 326.23507936507934,
      "loop": false
    },
    "wintickup_moving": {
      "start": 328,
      "end": 330.7486394557823,
      "loop": false
    },
    "STOP_SOUND": {
      "start": 332,
      "end": 333.4517913832199,
      "loop": false
    },
    "Zeus_Action": {
      "start": 335,
      "end": 338.1863945578231,
      "loop": false
    },
    "Zeus_Activation": {
      "start": 340,
      "end": 342.4914512471655,
      "loop": false
    }
  }
}