{
  "resources": [
    "res\\Audio\\preLoad.ogg",
    "res\\Audio\\preLoad.m4a",
    "res\\Audio\\preLoad.mp3"
  ],
  "spritemap": {
    "2_retrigger": {
      "start": 0,
      "end": 2.5907936507936506,
      "loop": false
    },
    "Anticipation": {
      "start": 4,
      "end": 8.704671201814058,
      "loop": false
    },
    "basegame_loop": {
      "start": 10,
      "end": 48.08984126984127,
      "loop": true
    },
    "big_win_loop": {
      "start": 50,
      "end": 56.65877551020408,
      "loop": false
    },
    "Cluster_win": {
      "start": 58,
      "end": 59.30215419501134,
      "loop": false
    },
    "common_win_end": {
      "start": 61,
      "end": 63.12773242630386,
      "loop": false
    },
    "Fire_Effect": {
      "start": 65,
      "end": 66.32512471655329,
      "loop": false
    },
    "freegame_intro": {
      "start": 68,
      "end": 70.3825850340136,
      "loop": false
    },
    "Freespins_hades_loop": {
      "start": 72,
      "end": 103.33068027210885,
      "loop": true
    },
    "Freespins_posiedon_loop": {
      "start": 105,
      "end": 133.2689342403628,
      "loop": true
    },
    "Freespins_zeus_loop": {
      "start": 135,
      "end": 168.92589569160998,
      "loop": true
    },
    "Free_Spins_intro": {
      "start": 170,
      "end": 173.23489795918368,
      "loop": false
    },
    "fs_counter_update": {
      "start": 175,
      "end": 176.25351473922902,
      "loop": false
    },
    "fs_number_move": {
      "start": 178,
      "end": 179.5432426303855,
      "loop": false
    },
    "generic_btn": {
      "start": 181,
      "end": 181.08167800453515,
      "loop": false
    },
    "God_Changing": {
      "start": 183,
      "end": 185.43972789115645,
      "loop": false
    },
    "God_selection": {
      "start": 187,
      "end": 188.62632653061223,
      "loop": false
    },
    "Grid_Meter": {
      "start": 190,
      "end": 191.17689342403628,
      "loop": false
    },
    "Hades_Action_v2": {
      "start": 193,
      "end": 197.27185941043084,
      "loop": false
    },
    "Lightning_Effect": {
      "start": 199,
      "end": 200.82900226757369,
      "loop": false
    },
    "mega_big_win_loop": {
      "start": 202,
      "end": 208.6587755102041,
      "loop": false
    },
    "Meter_Decrement": {
      "start": 210,
      "end": 211.31820861678005,
      "loop": false
    },
    "Meter_Reset": {
      "start": 213,
      "end": 214.09421768707483,
      "loop": false
    },
    "Posiedon_Action_v2": {
      "start": 216,
      "end": 221.62519274376416,
      "loop": false
    },
    "Re-spin_Intro": {
      "start": 223,
      "end": 225.67104308390023,
      "loop": false
    },
    "Reels_spin1": {
      "start": 227,
      "end": 234.60163265306122,
      "loop": false
    },
    "Reel_intro": {
      "start": 236,
      "end": 237.85609977324262,
      "loop": false
    },
    "reel_landing": {
      "start": 239,
      "end": 240.07587301587301,
      "loop": false
    },
    "Reel_stop": {
      "start": 242,
      "end": 244.1217006802721,
      "loop": false
    },
    "respin_retrigger": {
      "start": 246,
      "end": 248.00659863945577,
      "loop": false
    },
    "Spin_button": {
      "start": 250,
      "end": 250.80349206349206,
      "loop": false
    },
    "Stop_button": {
      "start": 252,
      "end": 253.10283446712018,
      "loop": false
    },
    "super_big_win_loop": {
      "start": 255,
      "end": 261.65877551020407,
      "loop": false
    },
    "Transition_1": {
      "start": 263,
      "end": 265.23809523809524,
      "loop": false
    },
    "Transition_2": {
      "start": 267,
      "end": 269.2213378684807,
      "loop": false
    },
    "ultra_big_win_loop": {
      "start": 271,
      "end": 277.65877551020407,
      "loop": false
    },
    "Whirlpool_effect": {
      "start": 279,
      "end": 281.4507709750567,
      "loop": false
    },
    "wintickup_center": {
      "start": 283,
      "end": 288.06766439909296,
      "loop": false
    },
    "wintickup_center_end_frame": {
      "start": 290,
      "end": 291.23507936507934,
      "loop": false
    },
    "wintickup_moving": {
      "start": 293,
      "end": 295.7486394557823,
      "loop": false
    },
    "win_fade": {
      "start": 297,
      "end": 298.4517913832199,
      "loop": false
    },
    "Zeus_Action": {
      "start": 300,
      "end": 303.1863945578231,
      "loop": false
    }
  }
}